,Atomic number,Symbol,Standard atomic weight,Electronegativity,cov_radius,vdw_radius2,at_radius,pold.2
0,1,H,1.007975,2.2,0.31,3.0404999999999998,0.529192875,4.50711
1,2,He,4.002602,–,0.28,2.362,0.291,1.38375
2,3,Li,6.9675,0.98,1.28,2.451,1.586,164.1125
3,4,Be,9.0121831,1.57,0.96,2.745,1.04,37.74
4,5,B,10.8135,2.04,0.84,4.0515,0.776,20.5
5,6,C,12.0106,2.55,0.7445337366,3.87465,0.62,11.3
6,7,N,14.006855,3.04,0.71,3.6610500000000004,0.521,7.4
7,8,O,15.9994,3.44,0.66,3.4523,0.45,5.3
8,9,F,18.99840316,3.98,0.57,3.418,0.396,3.74
9,10,Ne,20.1797,–,0.58,3.243,0.354,2.6611
10,11,Na,22.98976928,0.93,1.66,2.983,1.713,162.7
11,12,Mg,24.3055,1.31,1.41,3.021,1.279,71.2
12,13,Al,26.9815385,1.61,1.21,4.4445,1.312,57.8
13,14,Si,28.085,1.9,1.11,4.2825,1.068,37.3
14,15,P,30.973762,2.19,1.07,4.1485,0.919,25.0
15,16,S,32.0675,2.58,1.05,4.032500000000001,0.81,19.4
16,17,Cl,35.4515,3.16,1.02,3.9486499999999998,0.725,14.6
17,18,Ar,39.948,–,1.06,3.868,0.659,11.083
18,19,K,39.0983,0.82,2.03,3.812,2.162,289.7
19,20,Ca,40.078,1,1.76,3.399,1.69,160.8
20,21,Sc,44.955908,1.36,1.7,3.295,1.57,97.0
21,22,Ti,47.867,1.54,1.6,3.175,1.477,100.0
22,23,V,50.9415,1.63,1.53,3.144,1.401,87.0
23,24,Cr,51.9961,1.66,1.39,3.023,1.453,83.0
24,25,Mn,54.938044,1.55,1.553504,2.961,1.278,68.0
25,26,Fe,55.845,1.83,1.4841791045,2.912,1.227,62.0
26,27,Co,58.933194,1.88,1.2975449102,2.872,1.181,55.0
27,28,Ni,58.6934,1.91,1.24,2.834,1.139,49.0
28,29,Cu,63.546,1.9,1.32,3.495,1.191,46.5
29,30,Zn,65.38,1.65,1.22,2.763,1.065,38.67
30,31,Ga,69.723,1.81,1.22,4.3865,1.254,50.0
31,32,Ge,72.63,2.01,1.2,4.275,1.09,40.0
32,33,As,74.921595,2.18,1.19,4.19,1.001,30.0
33,34,Se,78.971,2.55,1.2,4.1175,0.918,28.9
34,35,Br,79.904,2.96,1.2,4.0695,0.851,21.0
35,36,Kr,83.798,3,1.16,4.141,0.795,16.78
36,37,Rb,85.4678,0.82,2.2,4.114,2.287,319.8
37,38,Sr,87.62,0.95,1.95,3.641,1.836,197.2
38,39,Y,88.90584,1.22,1.9,3.345,1.693,162.0
39,40,Zr,91.224,1.33,1.75,3.124,1.593,112.0
40,41,Nb,92.90637,1.6,1.64,3.165,1.589,98.0
41,42,Mo,95.95,2.16,1.54,3.052,1.52,87.0
42,43,Tc,97.9072124,1.9,1.47,2.998,1.391,79.0
43,44,Ru,101.07,2.2,1.46,2.963,1.41,72.0
44,45,Rh,102.9055,2.28,1.42,2.929,1.364,66.0
45,46,Pd,106.42,2.2,1.39,2.899,0.567,26.14
46,47,Ag,107.8682,1.93,1.45,3.148,1.286,55.0
47,48,Cd,112.414,1.69,1.44,2.848,1.184,46.0
48,49,In,114.818,1.78,1.42,4.5265,1.382,65.0
49,50,Sn,118.71,1.96,1.39,4.431,1.24,53.0
50,51,Sb,121.76,2.05,1.39,4.385,1.193,43.0
51,52,Te,127.6,2.1,1.38,4.35,1.111,38.0
52,53,I,126.90447,2.66,1.39,4.325,1.044,32.9
53,54,Xe,131.293,2.6,1.4,4.404,0.986,27.32
54,55,Cs,132.905452,0.79,2.44,4.517,2.518,400.9
55,56,Ba,137.327,0.89,2.15,3.703,2.06,272.0
56,57,La,138.90547,1.1,2.07,3.522,1.915,215.0
57,58,Ce,140.116,1.12,2.04,3.556,1.978,205.0
58,59,Pr,140.90766,1.13,2.03,3.606,1.942,216.0
59,60,Nd,144.242,1.14,2.01,3.575,1.912,208.0
60,61,Pm,144.9127559,1.13,1.99,3.547,1.882,200.0
61,62,Sm,150.36,1.17,1.98,3.52,1.854,192.0
62,63,Eu,151.964,1.2,1.98,3.493,1.826,184.0
63,64,Gd,157.25,1.2,1.96,3.368,1.713,158.0
64,65,Tb,158.92535,1.2,1.94,3.451,1.775,170.0
65,66,Dy,162.5,1.22,1.92,3.428,1.75,163.0
66,67,Ho,164.93033,1.23,1.92,3.409,1.727,156.0
67,68,Er,167.259,1.24,1.89,3.391,1.703,150.0
68,69,Tm,168.93422,1.25,1.9,3.374,1.681,144.0
69,70,Yb,173.054,1.1,1.87,3.355,1.658,139.0
70,71,Lu,174.9668,1.27,1.87,3.64,1.553,137.0
71,72,Hf,178.49,1.3,1.75,3.141,1.476,103.0
72,73,Ta,180.94788,1.5,1.7,3.17,1.413,74.0
73,74,W,183.84,2.36,1.62,3.096,1.36,68.0
74,75,Re,186.207,1.9,1.51,2.954,1.31,62.0
75,76,Os,190.23,2.2,1.44,3.12,1.266,57.0
76,77,Ir,192.217,2.2,1.41,2.84,1.227,54.0
77,78,Pt,195.084,2.28,1.36,2.754,1.221,48.0
78,79,Au,196.966569,2.54,1.36,3.293,1.187,36.0
79,80,Hg,200.592,2,1.32,2.705,1.126,33.91
80,81,Tl,204.3835,1.62,1.45,4.347,1.319,50.0
81,82,Pb,207.2,2.33,1.46,4.297,1.215,47.0
82,83,Bi,208.9804,2.02,1.48,4.37,1.295,48.0
83,84,Po,208.9824308,2,1.4,4.709,1.212,44.0
84,85,At,209.9871479,2.2,1.5,4.75,1.146,42.0
85,86,Rn,222.0175782,2.2,1.5,4.765,1.09,35.0
86,87,Fr,223.019736,0.7,2.6,4.9,2.447,317.8
87,88,Ra,226.0254103,0.9,2.21,3.677,2.042,246.0
88,89,Ac,227.0277523,1.1,2.15,3.478,1.895,203.0
89,90,Th,232.0377,1.3,2.06,3.396,1.788,217.0
90,91,Pa,231.03588,1.5,2.0,3.424,1.804,154.0
91,92,U,238.02891,1.38,1.96,3.395,1.775,129.0
92,93,Np,237.0481736,1.36,1.9,3.424,1.741,151.0
93,94,Pu,244.0642053,1.28,1.87,3.424,1.784,132.0
94,95,Am,243.0613813,1.13,1.8,3.381,1.757,131.0
95,96,Cm,247.0703541,1.28,1.69,3.326,1.657,144.0
96,97,Bk,247.0703073,1.3,,3.339,1.626,125.0
97,98,Cf,251.0795886,1.3,,3.313,1.598,122.0
98,99,Es,252.08298,1.3,,3.299,1.576,118.0
99,100,Fm,257.0951061,1.3,,3.286,1.557,113.0
100,101,Md,258.0984315,1.3,,3.274,1.527,109.0
101,102,No,259.10103,1.3,,3.248,1.581,110.0
102,103,Lr,262.10961,1.3,,3.236,1.553,320.0
103,104,Rf,267.12179,–,,3.141,1.476,112.0
104,105,Db,268.12567,–,,3.17,1.413,42.0
105,106,Sg,271.13393,–,,3.096,1.36,40.0
106,107,Bh,272.13826,–,,2.954,1.31,38.0
107,108,Hs,270.13429,–,,3.12,1.266,36.0
108,109,Mt,276.15159,–,,2.84,1.227,34.0
109,110,Ds,281.16451,–,,2.754,1.221,32.0
110,111,Rg,280.16514,–,,3.293,1.187,32.0
111,112,Cn,285.17712,–,,2.705,1.126,28.0
112,113,Nh,284.17873,–,,4.347,1.319,29.0
113,114,Fl,289.19042,–,,4.297,1.215,31.0
114,115,Mc,288.19274,–,,4.37,1.295,71.0
115,116,Lv,293.20449,–,,4.709,1.212,69.1
116,117,Ts,292.20746,–,,4.75,1.146,76.0
117,118,Og,294.21392,–,,4.765,1.09,58.0
118,10,Wa,18.015,–,,2.85,1.425,10.0
119,1,D,2.014,2.2,,2.2,0.529192875,4.50711
